PCA Component 1,PCA Component 2
0.41568244,-0.26693118
-0.4897474,0.23808755
-0.5815889,0.27175814
0.6741658,-0.35948053
0.61858207,0.5413174
-0.51200455,-0.07697003
0.018317757,0.106103495
-0.42221797,0.07143593
0.23675969,0.5499557
-0.69777286,0.3527235
-0.66494554,0.34801716
-0.443428,0.644178
-0.026534729,-0.1881355
0.29291213,-0.3978816
-0.07795773,-0.10639788
-0.54662645,0.56406206
0.6838749,1.2245294
-0.26623344,-0.08184895
-0.68741757,0.10056857
0.26987892,-0.3224065
0.37686217,0.17004779
-0.4502551,-0.2766434
-0.27970028,-0.17933059
-0.16575094,-0.6758386
0.5786865,0.741304
0.44088614,-0.63907
1.1007634,0.59664756
0.21533489,-0.49342546
-0.9135356,0.019235495
0.68510914,0.24749221
0.25562927,-0.7879834
-0.24771109,-0.30004257
0.181884,-0.3969622
0.23765029,-0.4639922
0.3049466,0.5643213
-0.5516662,0.17612003
-0.15882495,-0.0847323
0.22811781,-0.7930007
0.7335688,-0.12827994
0.022387294,-0.17938791
-0.39713475,0.092521325
-0.33679467,-0.07812261
0.477729,-0.2259813
-0.8185274,-0.007390775
0.29434806,-0.5050499
0.2346693,0.34023452
0.5266114,0.04582105
-0.09302747,-0.36072972
-0.44007272,-0.010648957
0.25294498,-0.17010011
0.09407809,0.2701258
-0.2582793,-0.4600377
-0.4482066,0.04612675
-0.65181404,-0.030708216
-0.100345515,-0.20110142
-0.50128716,-0.22335951
0.37175092,-0.3048131
0.05651008,-0.489118
0.40672234,-0.5317653
-0.41096574,-0.2328795
-0.12096929,-0.17278947
-0.5255158,0.20109792
0.37292758,-0.4120959
0.49347615,-0.14424342
-0.16345263,-0.3130075
-0.33068863,-0.4794036
0.2385534,-0.35172617
-0.024218217,-0.05102923
0.74614173,0.57821614
-0.24905272,-0.035845853
-0.7047219,-0.10556648
0.6525315,-0.4698507
-0.7114889,0.15509996
0.22878803,-0.51597744
0.36707494,-0.3719141
1.1535277,0.85940504
0.11947977,1.0807009
1.1423744,0.81028175
-0.19414315,0.13135049
-0.16247481,-0.23027152
0.37313643,-0.45681125
-0.7654042,0.060248207
-0.40106806,-0.025116943
-0.3374117,-0.12252995
0.27560648,-0.81848556
-0.20364846,0.011439447
-0.33708116,0.41551438
-0.424095,0.8139967
0.22169785,-0.2976992
0.3482722,0.027144719
0.10345023,-0.7699403
0.27367023,-0.36925918
0.31204492,-0.3474028
0.18871656,-0.628537
1.0703274,0.5574662
-0.013922305,-0.33600235
-0.54485565,0.15289396
-0.32947415,-0.21005417
0.49486467,-0.2126411
0.47371978,-0.013218059
-0.1572606,-0.17003416
0.81610936,0.100627944
0.023360617,0.1717318
0.08366108,-0.24279776
0.4082358,-0.8010833
-0.66552556,-0.06258232
0.24257319,-0.4112219
0.4795602,-0.393347
-0.409543,-0.047944147
1.0594041,0.5055036
0.30862868,-0.044045404
0.12380239,-0.20815583
0.91753507,0.7679738
0.26126954,-0.4301172
-0.047194697,0.08638725
-0.37909612,0.0041650617
-0.7016365,0.6281574
-0.30498025,0.2618014
-0.07792989,0.16459714
0.44470257,-0.2462913
0.75898683,0.07836058
0.4272863,1.0932188
-0.1182153,-0.008656743
0.4782022,0.42926106
-0.5113165,0.11333868
0.17219557,0.19449621
0.10555188,-0.43681052
-0.22333743,-0.120809115
-0.6997608,0.029783636
-0.30288315,0.14791512
0.2929347,-0.6817707
-0.02847635,0.16513325
0.13582964,-0.21671303
0.21940012,0.5727154
0.18342333,-0.3488525
0.16640685,-0.6153898
0.22477645,-0.82699573
-0.03479093,-0.08449611
0.11667696,0.18470572
-0.33560127,-0.05607834
0.30062816,0.12899551
0.2373998,0.71054333
-0.27799168,0.20207635
-0.33598778,-0.25847322
-0.076838754,-0.29511607
-0.2924387,0.037240084
-0.16184105,-0.39132628
0.16630578,-0.5818304
-0.3430435,-0.10802238
-0.53049374,0.09384224
-0.5195275,-0.25278914
0.30491602,-0.26383445
0.059790637,0.83230937
-0.51930624,0.2758098
-0.1143912,0.14082126
-0.19446181,-0.24090937
-0.24453524,-0.07838237
1.4486092,0.8339583
0.018328805,-0.34200805
0.4842631,0.7316037
0.18159275,-0.3809737
-0.15139405,-0.055988435
0.076272294,0.38660854
-0.50474375,0.24147694
-0.21056622,-0.4706599
0.8004188,1.2319752
-0.76333,-0.03389116
-0.4617291,0.0562011
0.76826364,0.0054931934
-0.14741617,-0.2039572
-0.2768499,0.15490529
-0.5016683,-0.1640488
-0.30157208,-0.23774555
1.0198791,0.6703852
0.29717535,-0.02822315
-0.55449903,0.020764574
-0.35182732,-0.04349028
0.20658547,0.72168016
0.11521479,-0.071442455
-0.33226222,-0.032781683
-0.0003380345,0.5865658
-0.40155733,0.24326308
0.46261367,-0.22032905
0.100330904,-0.2475605
-0.15074106,-0.31386235
-0.9802544,-0.13472027
0.41349667,-0.04691981
-0.7931493,0.27898183
-0.20746347,-0.23608449
0.14285032,-0.32197496
0.23657103,-0.10578513
0.13355416,-0.22204264
-0.18385528,-0.3790547
0.47639522,0.6107994
0.88151944,0.48514634
-0.30711707,-0.35452098
-0.54657197,-0.15218341
0.52963364,-0.85401505
-0.047031865,0.051537093
-0.36479557,0.08902669
0.58780146,-0.6186138
-0.10323264,0.07208602
0.52514946,-0.46415615
-0.66435605,0.54648274
-0.1394523,-0.3064498
0.21274477,0.018890262
-0.39299035,-0.11183434
-0.22032563,-0.032257874
0.47885138,-1.0906739
-0.8503668,0.344187
0.34088853,-0.52792215
0.7043555,1.1477649
-0.04917743,-0.24461459
0.051295515,-0.3459545
-0.22236338,0.20615937
-0.12039015,0.02569852
0.11074609,-0.11610529
0.15319332,0.45795864
-0.24946149,-0.009570073
0.7305704,1.2206036
0.10316868,-0.52471226
-0.29876134,0.3205288
-0.7106246,0.054450355
0.7006354,0.46058074
0.75713074,0.9999801
-0.1252979,-0.08354814
0.47595602,-0.4798923
-0.2797506,-0.1889227
0.32380652,-0.5697737
-0.4004363,-0.04246921
0.54236853,-0.482807
-0.19496538,-0.31288594
0.60375947,-0.3467762
-0.4522787,0.21441105
0.56706583,0.42996734
0.45304933,-0.5440181
0.1100618,-0.19133542
-0.34346703,0.6598165
-0.12748078,-0.20889182
0.5552349,-0.5326585
0.16463195,-0.20108235
0.04995457,-0.123195946
-0.31513742,0.32337055
-0.14236033,0.91625905
0.00793402,-0.14380892
-0.17156823,0.35400915
0.2958738,-0.21921663
0.40815875,-0.62028426
-0.15286952,-0.59932667
0.57624215,-0.7548813
0.6838424,1.1329652
-0.33137646,0.39632347
-0.41694993,0.32230476
-0.4161973,0.3563433
0.713109,1.1953433
0.26610616,-0.09517712
0.11397367,-0.1004604
-0.76325244,0.3833596
-0.036836036,-0.23063773
-0.42878872,-0.26199523
-0.30943078,0.28650296
1.4213333,0.48074552
0.6265873,-0.3497256
-0.38038397,-0.03770914
0.54477614,-0.15889876
0.593873,-0.24542746
-0.032007355,-0.3279535
0.1580412,0.09348523
-0.2795029,0.31676504
-0.44313937,-0.3326226
0.78499275,0.6689689
-0.6106414,-0.10307908
-0.65086305,0.42484677
0.12641981,-0.18254328
1.0770837,0.67520475
-0.663106,0.20338872
-0.3687008,-0.005841267
0.08292292,0.009711287
0.41993496,-0.38101926
0.59503245,0.67540646
0.2888277,-0.5564057
0.30621043,0.1037987
0.28793454,-0.19505788
0.11523542,-0.3698073
-0.12875299,0.5913451
-0.2831919,0.29438022
1.0549086,0.65209454
-0.36765626,0.28127447
0.22273095,-0.33512858
-0.14504628,-0.07487695
0.30242148,-0.57028353
0.65558606,0.24901049
-0.13659258,0.688244
0.34819278,0.74233085
0.12277897,-0.42160112
0.893064,0.7567613
-0.13772711,0.21916382
-0.13333902,0.3186832
0.1724347,-0.46556628
-0.45279372,0.32637548
0.14240327,0.032215744
-0.55314666,0.38695303
-0.30710244,0.65362954
0.021891927,-0.30514696
-0.3708527,0.17323938
-0.061937794,0.3915174
0.5892011,1.2970548
0.25424635,-0.18534744
-0.3406382,0.14949754
0.03195986,-0.3832378
0.08836157,0.2693254
-0.040058926,0.013965438
0.5621984,-0.5872781
0.59578365,-0.5147801
-0.11624012,0.13428809
0.22819252,0.13781033
0.25360966,-0.21468526
-0.13557856,-0.4186049
0.37430015,-0.5017224
-0.1303905,-0.26922336
-0.07953783,0.20875092
0.123923786,-0.23761597
-0.055206183,0.21555504
-0.26285595,-0.24118118
-0.12791386,-0.29685283
0.3497837,0.04293621
0.51145434,0.6078288
0.45016986,0.18553892
-0.10595252,-0.050896425
0.6074256,-0.7307877
-0.66280043,0.08165337
0.2252349,-0.23337702
-0.116592824,-0.5892826
0.2554427,-0.010263751
0.46681413,-0.0533623
0.4678123,-0.6151862
0.37286547,-0.2041587
0.046267968,-0.030548422
-0.02036914,-0.33330983
-0.4682288,0.24775878
-0.12353587,0.64437395
-0.6038465,-0.3193072
0.41151175,-0.7058272
-0.7218217,0.274895
-0.20348395,0.44403398
0.1784494,-0.42399427
-0.23069187,0.08652285
-0.3661837,0.118703805
0.33327675,-0.445103
-0.4989647,-0.090083726
0.0325819,0.71363807
-0.09217805,-0.21945259
1.3431997,0.5356722
-0.5488507,0.10290421
0.7261537,0.98921514
0.42349997,-0.32607582
-0.064700775,-0.7721859
-0.068700194,0.13496614
0.4075333,0.050543636
-0.66450316,0.1957418
0.66894424,0.77401984
0.40077743,-0.41970715
0.03127571,-0.8151725
-0.4332672,0.5946886
-0.3155294,-0.10169562
-0.78276986,-0.06573605
0.43252504,0.1793139
0.09832854,0.1894415
-0.54825276,-0.21246068
0.58769566,0.06238498
-0.15023758,-0.407057
0.17678928,-0.26177865
-0.007118321,0.08907397
0.29132396,-0.32805154
0.6543918,-0.75767297
-0.55258614,0.4288683
0.56476134,0.6002175
0.26401693,-0.2566191
0.14432442,-0.47044632
-0.4372409,0.57309765
-0.29377177,-0.06186558
0.26135153,-0.44359517
0.31449604,-0.59672314
-0.47405055,0.25934637
-0.22959912,-0.14803463
-0.07403139,0.31482905
0.5275931,0.3089091
0.6344235,0.6383737
-0.3169523,-0.4636759
-0.40761495,-0.13865808
-0.06760505,-0.32930535
-0.54398316,0.053810313
-0.24661745,-0.1711469
0.5688581,-0.5729082
0.24954283,0.95719767
0.009613576,-0.16548906
-0.48291242,-0.11598802
0.46986362,-0.25989687
-0.42146707,0.16091163
-0.5786864,-0.23295932
-0.39637586,0.31791672
0.016299566,-0.25909665
-0.38666663,-0.056371503
0.20715095,-0.2406592
-0.44342893,0.21426769
0.08651438,0.13035332
-0.45855865,0.51429516
0.81671584,0.63851976
-0.21601045,-0.0321188
0.25017595,-0.04772097
-0.62475216,-0.067830496
0.384928,-0.4810893
0.42536944,-0.5491062
1.3916744,0.5356959
0.044212393,0.16518317
-0.011878505,-0.23832004
0.7015273,0.6769549
-0.17413239,-0.2546569
0.55214864,0.3481483
-0.4778381,-0.34496135
0.16941911,-0.13976526
0.23335932,-0.74916434
0.1257531,-0.1521443
-0.36861354,-0.33248022
0.09134185,-0.44185278
1.2796489,0.98199356
-0.5006308,0.26419428
-0.0005623681,-0.49856505
0.88784593,0.37488845
0.52667785,0.9072884
-0.8028492,0.4115088
-0.75072557,0.041814093
0.1263987,-0.6592468
-0.083151385,0.16609406
0.12508182,0.0735642
0.17108335,-0.5310925
0.03337983,0.21990888
-0.20123772,-0.11896454
0.10718727,-0.37552086
-0.04769289,0.7348737
-0.5221397,-0.17469423
-0.437844,-0.018488083
-0.31152186,0.098747715
-0.5726251,0.13887541
0.3034152,-0.79387647
-0.73011607,0.3008506
-0.4412998,-0.151487
0.48554552,-0.70204574
-0.24331518,-0.14740328
0.2869714,0.2259738
0.3865588,0.88320583
0.1457831,-0.21305798
0.5241107,0.09671276
-0.97386324,0.1949936
-0.3006518,0.086097755
-1.0061651,-0.09913243
0.361035,-0.9067166
-0.08684003,-0.3517991
-0.18777667,0.5794815
-0.036781427,-0.08756624
-0.6814806,0.5251523
1.4829128,0.681988
-0.6746649,0.6320214
0.276065,-0.4455298
-0.40466884,0.2587147
-0.38069716,0.5906108
0.08364943,0.59514105
-0.066631965,0.0060564047
-0.012239027,0.194034
0.46665066,-0.7426634
0.51468545,-0.14074518
-0.14504257,-0.083623745
-0.48111564,0.3024822
-0.13513625,0.0621628
0.06303982,0.33073848
-0.49989545,0.07103936
0.7133528,-0.7610702
-0.23976588,-0.23378183
-0.40479413,-0.019132718
-0.17479822,-0.20129745
-0.4410138,0.008465848
0.26916048,-0.2954705
0.37065277,-0.78912216
-0.73866034,0.30821463
0.7054791,0.5765582
0.12052083,-0.073735856
0.21023282,-0.5105461
-0.20370458,-0.16351007
-0.04219009,-0.6250876
0.18250644,-0.3615743
-0.31097654,0.39071766
-0.006868563,-0.25668994
0.274456,-0.05620407
0.2766641,-0.15637855
0.933019,0.19439979
0.26064852,-0.52388203
-0.24243166,0.19451883
-0.54077995,-0.0102711795
-0.5967443,0.542698
1.1600844,0.6426355
0.0060608177,-0.24217667
0.30732885,0.19654645
-0.20689319,0.25681794
0.35090616,0.19863187
0.07715857,-0.050465178
0.29316217,-0.549312
-0.023608083,0.14096463
-0.3695834,0.14867298
0.09034608,-0.6656275
0.5316554,-0.5385475
0.330707,0.17983022
-0.10840168,-0.28737855
0.349415,0.080829486
-0.38439623,0.22795096
0.18125308,-0.11741481
0.48418605,0.3934622
0.13782611,-0.318313
-0.59118587,-0.10615121
-0.27461174,0.26591393
0.13048355,-0.39697957
0.06849505,-0.4051268
-0.12843515,-0.12258256
0.16755559,-0.15782234
0.8611678,-0.6783248
-0.7406983,0.015055683
-0.8468038,-0.11594955
-0.18096744,-0.13940957
0.17177147,-0.41125372
-0.30573526,-0.19385576
-0.31448796,0.24624299
-0.2968248,0.30828816
-0.54599357,0.36060047
-0.4673791,0.03288659
0.89892924,0.13144311
-0.14101772,0.4840032
0.2428161,-0.15196906
-0.22474185,0.24500915
0.08617636,-0.82558054
-0.2012097,-0.14405003
-0.922105,0.442831
0.30305338,-0.64949197
-0.42284396,-0.08229173
0.6377197,0.1151495
0.39592278,0.5731449
-0.32896352,0.36398345
-0.27267644,-0.13645966
0.26367447,0.1840776
-0.5771659,0.67548406
-0.18887825,-0.030653466
0.07591743,-0.46620902
-0.6981892,0.3198572
0.29304528,-0.32055178
-0.17615424,0.37281087
0.02325989,-0.21028964
0.08828893,-0.25354272
0.19477236,-0.104526065
-0.22366726,-0.3564238
-0.003304583,0.48951435
-0.3749597,-0.46718213
-0.17651692,0.1560496
0.13108145,-0.45671293
0.1424718,0.4722811
-0.8293215,0.5089648
0.23014618,-0.4757758
0.23617645,0.84799653
-0.23944445,-0.115830556
-0.5201536,0.34102336
-0.49054298,0.079462826
0.4088998,0.6990777
-0.31969273,0.12837155
0.3866569,0.56994706
-0.6152032,0.044324122
-0.19156285,0.20959073
-0.543962,0.55694467
-0.22191115,-0.45956886
-0.409367,0.13980658
0.0660737,-0.2697871
0.15690397,0.93454075
-0.38189435,0.20664059
-0.9280911,0.41871583
-0.04875518,-0.21575989
-0.08294384,-0.16612306
0.5264984,0.8044067
-0.6284717,0.21160683
0.3459474,0.69320905
-0.42829308,0.13598719
0.1306623,0.15247788
0.35460111,-0.5012339
-0.5447378,0.4299632
0.18132706,-0.24312674
0.1711089,0.05764925
-0.3499708,0.04438485
-0.22821487,0.17182747
-0.20946725,0.013078075
0.07028644,-0.27443737
-0.35960194,-0.05783255
0.29783124,-0.7724481
0.6714499,1.0204732
-0.32544652,-0.1275442
-0.17271948,0.041452486
-0.27839378,0.5579609
-0.43632638,0.1781548
0.1546087,-0.38880265
-0.08758377,-0.21378149
-0.1963035,-0.37693292
0.4741291,0.33862853
-0.3338177,0.11119942
0.085223325,-0.35659212
0.053836178,-0.46140486
0.74806803,-0.6913727
-0.50696015,0.18126334
0.2042209,-0.24840696
-0.6736892,0.10181737
0.5082386,-0.692228
-0.6264248,0.10508057
0.05152866,-0.074157394
-0.0060901013,-0.16836594
0.06171071,-0.2896457
-0.12090486,0.08179279
-0.05665284,-0.063763894
0.3496711,-0.46412274
1.0543212,0.23665752
-0.7133362,0.12751491
0.13325426,-0.41777584
0.31674793,1.0001285
0.04806562,0.43558425
0.21334198,-0.017053712
0.6572029,0.826152
0.4476108,-0.029307319
0.46890146,-0.091849044
0.13222723,-0.53955424
0.2538204,-0.68436515
0.09838315,0.21124989
-0.13570544,0.61738133
0.3113479,0.71153784
0.01229346,-0.44701204
0.7615115,-0.89982444
0.33197957,0.36234877
0.5205161,-0.12818398
-0.12808248,0.36756176
0.48060682,-0.18709959
0.057873305,-0.25264627
0.0153741725,-0.15842314
-0.2270419,0.5082921
0.22103177,0.085282974
-0.07267506,0.21267693
-0.27519712,-0.14525175
-0.51074326,-0.27492914
-0.4224763,0.23181227
0.19409753,-0.48326945
-0.2456777,0.19319974
0.015705438,-0.10577564
0.29551974,-0.3161106
-0.12527157,-0.28113538
0.2794862,0.31175953
0.19786757,0.07956227
-0.037114054,-0.4304168
-0.13553125,0.44077766
0.18804139,-0.49667525
0.12556702,-0.70382065
0.51101327,0.03205129
0.20791069,0.5758613
0.17566825,-0.09655404
0.6860765,-0.3423569
-0.44510216,-0.62515897
-1.4039854,0.44145575
0.48133978,-0.576041
0.1676127,-0.12919362
-0.00421366,-0.22998057
-0.031893943,-0.38146532
0.16346815,-0.5738982
-0.3178031,-0.23815437
0.16110021,-0.33258006
-0.59774035,0.26822588
-0.6988119,0.28864112
0.04902054,-0.31359676
-0.60393184,0.058652285
-0.15308695,0.20893131
0.21673901,0.4242074
-0.35464522,0.012029211
-0.6078187,-0.0669032
0.0191846,-0.04946369
-0.5743769,0.05892665
-0.59175646,0.7147562
-0.7430056,-0.09759988
0.11315715,-0.23868202
-0.49085405,-0.12854333
-0.48160353,0.07478347
-0.45329857,-0.11203503
-0.49597204,0.023300182
0.31103405,0.12620063
0.3274092,-0.30963373
-0.46712682,0.051829703
1.0264264,-0.40071866
0.3084248,-0.23973314
-0.1542472,0.101453885
-0.07319355,0.09167182
1.1389564,0.5050671
0.52406067,-0.74497885
-0.13840044,0.24100538
0.4206501,-0.12181731
0.11588007,-0.4825379
0.24918313,0.0138205215
-0.1380272,-0.13892253
-0.26584464,-0.42923698
0.67817867,0.66309756
-0.19958104,-0.19817552
-0.68001246,0.047610074
0.11323133,-0.10957723
0.07057813,-0.044862904
0.61621517,0.31063786
0.6722372,0.275253
-0.24756137,-0.19537789
-0.9019031,0.31133708
-0.11795054,0.6748338
-0.12733899,-0.12340494
0.16444352,0.091640465
-0.5657845,-0.096309885
0.0466593,-0.5220329
1.1694199,0.56264585
-0.16184066,-0.083469175
-0.39895052,0.1509938
0.31412503,-0.5992212
0.5470735,0.46825725
0.31882334,-0.28245637
-0.35608527,0.16726057
0.5745889,0.09020944
0.008842178,-0.32746324
0.5248059,0.2670217
0.32249808,-0.46063343
0.6064408,0.56889695
-0.7150728,0.6223478
0.05610882,-0.023627743
0.32553616,-0.44576648
0.23822986,-0.31582382
0.064555116,0.5894109
-0.43274713,0.44907817
0.37037438,-0.025787668
-0.21598297,0.19890808
0.57686794,-0.44179496
0.07365542,-0.3288879
-0.48396537,0.16925485
-0.38679585,-0.15209937
-0.65419936,-0.17887345
0.079280004,0.7545802
-0.18936817,0.35557613
-0.017017255,0.14630365
-0.42713776,-0.107372835
-0.42511514,-0.028081223
-0.12342502,0.42416993
0.06779214,-0.52864444
-0.008337084,-0.28554115
0.38628793,0.43500063
-0.013967488,-0.10583178
-0.5459831,-0.1385099
-0.55761945,0.03649395
0.75670433,0.33900094
0.23528841,-0.25855935
-0.09943884,-0.12811984
0.33241788,-0.28257945
0.33957082,-0.41944945
0.42684337,0.42284545
0.026672663,0.25382847
0.28048757,-0.47074932
0.15325654,-0.66835314
-0.07626365,-0.31787547
-0.22173266,0.009577753
0.31619576,0.63062537
-0.11460856,-0.2698846
1.1575179,0.95913047
-0.40511096,0.029896757
-0.20496666,-0.0259745
-0.15404779,0.73014283
-1.0543594,0.6395075
-0.31139103,-0.07984391
0.669194,0.50644577
0.46440452,-0.36799064
-0.34226537,-0.18309212
-0.6027169,0.39638734
-0.08888246,0.6249211
0.063005775,-0.47982362
-0.32784063,0.4287798
-0.5987095,0.177039
-0.8777667,0.2508272
-0.1523508,-0.08826126
0.080231726,-0.22471489
-0.7422343,0.49053904
0.9666335,-0.22428861
0.25943303,-0.87884194
-0.09420942,-0.30814892
0.021222476,-0.3104367
-0.12705606,-0.19747636
-0.22954519,0.61643684
1.2025483,0.6748449
0.1626281,-0.34447795
0.19325836,-0.16069993
0.2562374,-0.28572688
0.41499573,-0.61684686
-0.14885584,0.7994441
-0.028403293,-0.3596574
-1.0695479,0.32096314
-0.074581206,-0.13511097
-0.28381193,-0.37377515
-0.16387087,0.066369995
-0.3834671,0.23261048
-0.5078976,0.08125821
0.100924574,-0.04699862
-0.4571172,-0.16693616
0.5540161,-0.36077893
0.5538646,-0.41609663
-0.21754183,0.47531337
0.3739907,-0.664798
0.4513007,0.24592815
-0.24053232,0.33973902
0.14330786,-0.45571738
0.27239513,-0.47640944
-0.6009678,0.09626293
-0.051747773,-0.28962293
-0.6778411,0.33407876
-0.15253155,-0.771396
-0.19402632,-0.14196861
0.2259261,-0.4217256
-0.21587949,-0.48788282
0.13152632,-0.31868982
0.4630439,0.7416683
-0.39774784,0.33423653
0.35291377,-0.4457153
0.6176663,-0.79492944
-0.22365765,0.0040021455
-0.53082746,-0.097683206
0.33862162,-0.48826492
-0.7127935,0.029504115
-0.404537,0.26000643
-0.19609079,-0.36510837
-0.10610543,1.1206905
0.39810035,-0.7562481
-0.28821355,-0.12044801
0.6806341,-0.41846552
0.18057457,-0.27122515
0.11143795,-0.2051143
-0.4462324,0.24201591
0.6663464,-0.2544071
-0.59202164,0.043963958
-0.018146666,-0.54971516
0.5903582,0.6095443
-0.06542585,0.054318514
-0.3036168,0.6839741
0.01926102,0.49297738
-0.030950222,0.16241048
1.1065797,0.24807979
1.0603187,0.6255237
-0.57628495,0.5369855
0.047620293,0.2184088
-0.108313054,0.25143236
0.49959812,-0.350527
0.7476696,-0.67256284
0.5814473,-0.29424343
-0.27855688,-0.19756538
0.15343498,-0.243112
0.60742724,0.30434376
0.0015021834,0.13051246
-0.13555938,-0.417388
-0.088700674,-0.10749754
-0.89732933,0.75616884
-0.4490656,0.02292493
0.37899154,0.95202804
1.1372904,0.52123255
-0.66538167,0.03589136
-0.6002494,0.1385881
-0.1987935,-0.17322575
-0.2762898,-0.43865502
0.8730154,0.62048376
0.52644604,0.66111916
0.25078815,-0.21926716
-0.35826853,0.020903593
-0.8641174,0.39760152
0.19063078,-0.64032465
-0.30566755,-0.3143827
0.2111695,-0.061832506
-0.82921404,0.11516559
1.1407382,1.0527107
0.3872311,0.1808544
-0.049237117,-0.38277188
-0.498624,0.08395503
-0.56476235,0.46564317
-0.6727326,0.6302594
-0.33874828,0.0753819
0.11486219,0.17181304
0.2578312,0.29682592
-0.281098,0.136043
0.5584662,0.16117992
0.3339026,-0.2928499
-0.7622679,0.12457674
-0.3220129,0.46544778
-0.51728374,0.08416481
-0.20928784,-0.046090942
0.9931898,0.3517274
-0.19103114,-0.1147493
0.4004399,0.23058346
-0.38163796,-0.090804264
-0.5609144,0.12309894
-0.08525598,-0.51595676
-0.038044196,-0.12868695
-0.15585408,-0.23050818
-0.5317464,0.27928564
-0.49900013,1.0395161
-0.5297947,-0.08557233
0.15350208,-0.65679854
0.34977722,0.7175702
-0.19306983,0.21198417
0.3420351,-0.79946953
-0.65779597,0.28901878
-0.6299759,0.020135168
-0.18993735,-0.33680058
0.90679276,0.8007935
0.41997176,-0.4595891
-0.46141112,0.037189938
-0.12581514,-0.09096167
0.5329226,0.9968369
0.20919278,-0.3225892
0.21879217,-0.29968253
-0.15977912,-0.20505643
0.16291074,-0.18810387
0.24694583,-0.6206847
-0.5075522,0.34120888
0.06172041,-0.5259598
-0.10395341,-0.23080431
0.11122207,-0.66152227
0.5257537,0.8984057
0.35005134,-0.4609729
0.24266028,-0.3978179
0.738427,0.5373641
0.94146234,0.98460484
-0.14892551,-0.12886673
0.4107123,-0.687705
-0.43286827,0.57313657
-0.03949973,-0.6080253
0.5214691,-0.32147545
-0.13106136,-0.0023195848
-0.5562146,0.26170516
-0.3290666,0.2798192
0.5915498,0.60305494
-0.617899,0.10476045
-0.9848595,0.31314754
0.37484553,-0.5269521
-0.3065053,-0.29452792
-0.74652725,0.50113446
-0.6300331,0.30422276
0.7327737,0.81112736
-0.41563666,0.19347383
0.39152876,-0.42766568
0.22459185,-0.10870403
-0.17512731,0.029838204
-0.53172404,-0.001995413
0.050687946,-0.22216286
-0.116951175,0.8403701
0.7863739,0.3781677
0.47619805,-0.021884482
-0.8052811,0.21349813
0.14232053,-0.5135274
-0.325057,-0.117753655
-0.22681862,-0.16576217
-0.20228668,-0.0063013462
0.47542197,0.53959686
0.43864194,0.31927934
-0.28311315,-0.2889221
-0.083814465,-0.06757892
-0.5249617,0.23438504
0.6916695,0.85957766
0.10581039,-0.36000124
-0.31971452,-0.108744234
0.05545138,-0.33485454
-0.6016975,-0.16054618
-0.21391621,0.31060177
-0.16681375,-0.0055293394
0.076884486,-0.2822438
0.094964325,0.3083584
0.15110953,0.11902676
1.2583427,0.6179857
0.31311107,-0.7810102
0.27158555,-0.14732148
0.16045801,-0.42586586
0.017489344,0.19010317
0.08398227,-0.4093507
0.116769046,-0.41068763
-0.19330446,-0.16808975
0.116927624,-0.1247662
0.17354818,-0.49790233
-0.03942987,-0.22221306
0.5040217,-0.79786265
0.54309595,0.08662237
-0.6329707,0.04483091
0.82415396,0.7036422
0.53148973,-0.29305673
0.1075815,-0.12240221
0.037284296,-0.7010597
0.6131272,0.62011564
1.0717398,0.18048699
0.029010894,-0.4560857
-0.30856037,-0.10618407
0.32927215,-0.51630366
-0.3468226,-0.18465324
-0.9681155,0.2562131
0.76392484,0.33299142
-0.5424656,0.63190323
0.042336,-0.7400447
0.4870127,-0.4703967
-0.40611273,-0.15540515
0.2038372,-0.65453094
-0.08665761,-0.33386484
0.019381532,0.18615597
0.01380733,-0.113868915
-0.3341671,-0.28349084
0.80848134,0.4605585
0.05877505,-0.48989433
1.1007814,0.62809706
0.4249434,-0.6851953
-0.08349793,0.02279553
0.6564938,-0.44989562
-0.009266568,-0.46274266
0.21578215,-0.22133015
0.32274035,-0.34482569
0.09235773,-0.22083993
0.25920346,-0.29106912
0.5370357,0.005955033
0.03283788,-0.53263295
-0.31286755,0.08269587
0.04366301,-0.42236653
0.14914574,0.5293274
1.1967264,0.9064961
-0.45940968,0.20144637
-0.5022652,0.5819225
-0.3637997,0.41076767
0.3812305,-0.5510184
-0.5698594,-0.019674096
-0.19844958,0.16175763
0.898088,0.79759926
-0.07321294,-0.50769037
-0.26741567,0.010318955
0.4796962,-0.3335836
0.075828545,-0.2178323
-0.6868821,0.19593568
0.2505971,-0.43551177
-0.3634364,0.23968442
1.0546576,0.932132
0.29387876,-0.3124419
-0.64229715,-0.0167679
0.21388157,-0.16373986
-0.2988,-0.5756204
0.023860175,0.6499612
0.059310075,-0.254033
-0.089603245,-0.47154602
0.25124127,-0.54921985
-0.17233533,0.18542798
-0.15699546,-0.4332825
-0.14885266,0.05061034
0.5003983,-0.58182985
-0.39310795,0.1738117
0.23866756,-0.4673422
-0.2789563,0.060042687
0.35068098,-0.27700874
-1.070594,0.27068758
0.22045863,0.014694459
0.5035869,-0.20067462
0.16042973,-0.36509684
0.77238756,-0.29517198
-0.36966452,-0.20773427
0.4637825,-0.8398296
0.026195329,-0.290706
-0.2099758,0.18660016
-0.67277724,0.59168005
0.82112634,0.54810363
0.13121451,-0.6863701
0.5098498,-0.27629414
-0.46808815,-0.1562797
-0.11688939,-0.21623583
1.2727306,0.2931097
-0.48474059,-0.25501972
-0.43703285,-0.008908229
-0.69712305,0.1612966
-0.12016893,0.2493693
-0.34740123,0.33199558
-0.15965322,0.6281313
-0.48374364,-0.13096514
-0.022637274,-0.350804
0.51808655,0.58151245
1.013412,0.13935591
0.58188653,0.19920795
0.61632335,-0.6999691
-0.28559223,0.37540516
0.57049763,0.11948936
0.44002745,-0.51334554
0.46696803,0.58430237
-0.55319536,0.012755822
-0.24446955,-0.25104797
0.05703033,-0.43246827
0.15989226,-0.30574748
-0.17337482,0.10514985
-0.0839287,0.4960651
-0.37326682,-0.13527898
-0.39991564,-0.01609297
-0.37356964,-0.05732423
-0.034577012,-0.68620175
-0.26334578,0.53222066
0.8698094,0.30734223
0.21146742,0.69090647
-0.7060717,0.14588493
-0.38332087,-0.1495543
-0.5249528,0.6067641
0.18366398,-0.3776461
-0.9740984,0.31736156
-1.1890668,-0.010099046
1.5970215,0.70167506
0.23875518,0.35953876
-0.3061277,0.331387
-0.86683893,0.49598902
-0.47922736,0.16036177
0.07211181,-0.032755468
0.23294337,-0.51893395
-0.27323,-0.37015438
-0.17163353,-0.11689039
-0.13604276,0.30137885
-0.5243398,-0.027388416
0.32871804,-0.40049168
-0.116730474,0.13205788
-0.029385509,0.1980296
-0.5589179,0.24384801
-0.13481882,0.2213586
0.36202416,-0.20157619
0.71103543,0.91794854
-0.31931996,-0.3954102
0.3028384,-0.65562946
-0.13606991,-0.68187284
-0.3769876,0.15912937
-0.0024087685,0.07315737
-0.17641057,0.30677018
-0.3280388,-0.12677114
-0.07216529,-0.18903163
0.08087556,-0.5840329
-0.40491724,0.23099785
-0.17989145,-0.31765503
-0.91212136,0.6338056
0.64122856,0.39821634
-0.742289,0.35099486
-0.31888705,-0.092148855
-0.052263938,-0.12486361
0.4116997,-0.6219059
0.02377025,-0.61557245
-0.25816497,0.288613
0.3374761,0.44368824
-0.38482144,-0.25167605
-0.0820976,-0.337862
0.27829075,-0.13582848
-0.3477477,0.049050964
1.068038,-0.14729139
-0.7157452,0.16725238
0.27193502,-0.260573
-0.18002127,0.77464116
0.2693266,-0.6991507
-0.030501762,-0.27209678
1.2982024,0.55408573
1.3671325,0.8526454
1.0526744,0.16880243
0.3802559,0.258626
-0.45914236,0.66216147
-0.11052356,-0.16844513
-0.18080021,0.09845491
-0.017018378,-0.067122184
-0.7879867,0.51686794
0.23964252,0.2964246
-0.31196752,-0.2238231
0.20748708,-0.5534489
-0.6517112,0.58317643
-0.07515834,-0.53388447
0.009714801,-0.26247475
0.42836824,-0.09715541
0.30664867,0.6888534
1.1757463,0.5226248
0.05609053,-0.33187714
-0.26074243,0.44135553
-0.23659256,-0.012373416
-0.19392838,0.6407181
0.17373103,-0.22263622
-0.96539116,0.44331846
-0.34445578,0.014738754
0.31113788,-0.59824425
-0.37850383,0.049952544
0.31386116,0.45425272
0.22994387,-0.20200458
-0.041606206,-0.54445463
0.22162858,0.14089707
-0.07422722,-0.38732576
0.060099714,-0.27383658
0.004365869,-0.6229233
-0.25551453,-0.018849159
0.88389564,0.5583233
0.12092352,-0.33629772
-0.33041754,0.2039624
-0.8197115,0.45715496
-0.3837454,-0.3442795
0.35605115,0.4633164
0.91323495,1.2122684
0.20349891,-0.20519246
-0.51323795,0.26343745
-0.56824785,0.1139727
0.18073815,0.022242405
-0.37907305,0.16483276
0.08937297,-0.3606659
-0.22305514,0.39068404
0.9974542,0.9630352
-0.27451733,-0.04980737
0.26287946,-0.61023086
-0.68010247,0.37703115
-0.7112868,0.24829154
0.45268118,-0.6627108
0.6704008,0.5844434
-0.01645466,-0.24719249
-0.13721597,-0.09433327
0.110926464,-0.18775766
0.56299734,0.77502096
-0.13247928,0.23343743
0.1144657,-0.7143667
0.39606342,0.020255832
0.6241718,0.391934
0.47596964,1.0471171
-0.284303,0.31157833
0.3671928,0.6405664
-0.21737061,0.40016422
-0.6540908,-0.0017449332
-0.27500603,-0.37054673
0.2394038,0.2953823
-0.86713773,0.42979413
-0.40703863,0.58341867
-0.21463546,-0.093170345
1.228969,1.2623537
0.27389497,-0.3835353
-0.36960694,0.608152
0.49679628,-0.23005559
-0.05537711,0.058900412
0.3473693,1.0336207
-0.8241606,0.43570176
0.30074033,0.38247296
0.17292514,-0.24682236
0.32073054,-0.6307229
-0.0027376607,-0.18332712
-0.8932232,0.43947032
0.04510528,-0.16210575
-0.22695315,0.16470844
1.0857977,0.1940936
-0.28719214,-0.13142633
-0.020867595,-0.9570939
0.00904126,-0.2039374
-0.121438675,-0.17966582
0.5944617,0.6035769
-0.47624218,-0.14833224
-0.059875082,-0.10565095
-0.1312175,-0.5233811
0.06123847,-0.4963915
0.58294433,0.27646357
0.6452783,0.7895176
1.1092739,0.5758501
0.4520476,-0.5678909
0.14741205,-0.24584539
0.06001142,-0.010932794
0.08746193,-0.49983537
-0.16578944,0.3298467
-0.65338045,0.04098867
0.019425077,-0.2589729
-0.46782342,0.13467287
0.025696889,-0.15286998
0.006406542,0.5940291
-0.331025,-0.3655827
0.029175386,-0.30886802
-0.42971027,-0.15046209
-0.41076303,0.09073271
-0.3969417,0.07553913
1.0061342,0.7466437
-0.16324344,-0.3329242
-0.27959394,0.017191168
-0.13569993,-0.33878186
0.1584178,-0.4016636
-0.31167316,0.0050536613
-0.43316984,0.33764488
0.08192274,-0.6818113
0.42412236,-0.28364372
-0.6368507,0.5112115
-0.17569679,-0.6053874
-0.2434945,0.8564869
-0.60694253,-0.060149565
0.4106786,-0.36959696
-0.64596397,0.11048317
-0.07981603,0.053664282
-0.095070615,0.06734434
0.27681664,0.40452072
0.08306535,0.032783672
0.39590642,-0.71652967
-0.443125,0.30750862
-0.4547976,0.2761854
-0.3506412,-0.30627084
-0.00080265105,-0.1663068
-0.17979817,0.11293508
0.03358869,-0.24631006
0.65856415,-0.4101637
-0.15225555,-0.56208676
0.3293556,-0.40516654
0.07253533,-0.34240106
1.1106545,0.5102397
-0.42638063,-0.3417039
0.13324115,-0.15146329
-0.013350906,0.6585311
-0.11474939,0.022041144
-0.9976185,0.07654059
0.7933986,0.11949455
-0.3147728,-0.12521158
-0.52468216,-0.19371133
-0.050418645,0.48047686
0.03246561,0.13120992
-0.44235906,-0.11384793
-0.4683313,0.060860354
0.7621062,0.31121504
0.45987433,-0.43134007
-0.018485626,-0.25538623
0.1984761,0.80799115
0.52982193,0.41211617
-0.21434237,0.09947326
-0.16268025,0.83519363
-0.47976175,0.5208564
0.29866138,-0.2566072
-0.0048110816,-0.3400845
-0.76055413,0.20095468
0.2654386,-0.27446744
0.12035689,0.11414225
0.66934603,0.43502355
-0.24406205,-0.53878087
-0.66326374,0.07826153
0.3912201,0.4208284
0.25108212,-0.3756339
-0.5836755,-0.13526985
0.16874139,0.033909682
1.4769763,0.81788707
0.0499057,0.24767266
0.36383864,-0.37441692
-0.19474728,-0.09880492
0.34201592,-0.09667904
0.48810846,-0.7739811
0.12215742,0.01555894
-0.6048532,0.5518405
0.23665024,-0.14247891
-0.18600509,-0.099514484
-0.20503065,0.054785546
0.4461878,-0.47304544
-0.13855636,0.16404377
-0.28152314,-0.31021076
-0.28366902,0.21899782
0.6022901,0.17959988
0.32450426,-0.297825
0.33832687,0.7735188
-0.64545137,-0.030103259
-0.21246843,-0.024305806
0.18083972,-0.7787549
0.110494226,0.07515392
-0.50834554,0.077085175
0.13196158,-0.57697916
-0.36726484,0.10943774
-0.21250843,0.11885502
0.37666047,-0.7392417
-0.74209094,0.6801959
0.11461396,-0.35612857
-0.78287005,-0.021331232
-0.31072107,-0.13523339
1.0069824,0.77177536
-0.3083633,0.021529846
0.053317983,0.7674697
-0.034991995,-0.31689268
-1.252812,0.38487223
0.658385,-0.6248271
0.088670306,0.41859904
-0.38939437,-0.6106613
0.6180545,0.09871897
0.123882204,-0.35641396
-0.55977273,-0.066290006
-0.2634515,0.6054553
0.004524842,0.06402494
0.59002084,0.028012805
0.21629918,0.884207
0.19492203,-0.3355429
-0.25208095,-0.24712479
-0.12333403,0.33765128
-0.15316221,-0.03182157
0.36488518,-0.40704083
-0.32869047,0.12541425
0.070140235,0.005216383
-0.12672359,-0.18653361
-0.4471243,0.3846772
0.30577278,-0.34984764
-0.73029596,0.30138963
0.18126655,-0.62140834
-0.537483,0.017172918
0.43332952,0.33777797
0.268966,-0.6344005
-0.43098336,0.62974095
0.9456615,0.8994341
0.36553824,-0.34460872
-0.5787961,0.024991818
0.05331771,0.6232621
0.15117304,-0.14102994
-0.036510043,0.0021717462
0.08768523,-0.054626983
-0.27222046,-0.26467592
0.15417168,-0.5100374
-0.2218427,0.021352356
-0.56686455,0.11216151
0.27740377,-0.10397743
-0.059632324,-0.21442491
-0.36674634,-0.7803454
-0.8301164,0.237871
-0.5203635,0.3401949
-0.25168473,0.16490021
0.0608822,-0.3248713
-0.0043623373,-0.45363456
0.2553626,-0.08533981
-0.3682002,0.2932946
-0.62805516,-0.10870494
0.04581148,0.11872366
0.62411577,-0.680722
0.16178487,-0.6293603
-0.09812032,0.33905894
0.69738275,0.4141104
-0.57008004,0.050996277
0.10020502,0.02298827
-0.71970993,0.32267618
-0.5581941,0.037751473
0.109926514,-0.349155
-0.3523302,-0.13923071
0.06804034,-0.37639835
0.77834946,0.5616523
-0.118297465,-0.13901742
0.36744222,-0.14884366
-0.69660753,0.1317268
-0.045645118,0.3036028
0.29424086,-0.16215557
-0.7612789,0.63065547
-0.4523557,0.3547648
-0.83258975,-0.07666273
0.10990313,0.5268661
0.4464192,-0.3924698
-0.3036419,-0.10348229
-0.5216187,0.017322492
0.5771612,0.35466236
-0.86348456,0.6386516
0.061409034,-0.19634545
-0.7025242,0.32397467
0.35801467,0.70447826
-0.5764037,-0.21337114
0.26973486,-0.69175047
-0.0014189268,-0.33621383
1.2179117,1.0421062
0.14665215,0.3711538
-0.09882626,-0.19546843
0.24699089,-0.14611615
0.01740885,-0.007939191
0.51005006,-0.2767838
-0.28864524,-0.08380846
0.2620169,-0.5217448
-0.041944973,-0.22619055
-0.009035717,0.19471423
0.08657125,0.14244749
-0.3459426,-0.3567072
-0.36050415,-0.22746624
-0.043095917,-0.4131313
0.75131935,0.24823901
-0.6765899,0.16076605
-0.16641605,0.089246795
0.2962953,-0.022979649
0.6404325,-0.39350414
0.08147247,-0.37164208
-0.05962155,0.8795205
-0.6920569,0.3419609
-0.17490418,-0.25927156
0.08924569,-0.12592015
-0.37924692,0.23258325
0.13582212,0.38266122
-0.56249285,0.6820004
-0.070026055,0.5712741
0.1588509,-0.12760994
0.017850265,-0.11569285
-0.5234911,0.058795765
-0.40742767,-0.2145877
0.5087615,0.59936833
-0.2636909,-0.034105416
0.7167683,0.3661748
0.77995145,-0.23894536
-0.3948723,0.049830068
1.2406757,0.5671888
-0.27226505,-0.100638494
-0.45704365,0.22566418
0.7466813,0.98120105
-0.44250813,0.18275027
0.8450096,0.4361458
-0.2977412,0.8182553
-0.3557128,0.17939967
-0.3910223,-0.084052004
-0.18071604,0.24834903
0.129166,-0.17899762
0.45283967,-0.6940641
-0.5543588,0.5529535
0.20719978,-0.53503174
-0.401372,-0.1531665
0.5063569,-0.7645858
0.2162293,0.36502126
0.032128293,0.21575001
-0.512374,0.018675499
-0.3284935,0.9922758
-0.586027,-0.09819628
-0.4462375,0.040802564
-0.79419017,0.21862255
-0.20688449,0.32526734
0.16963238,-0.25114962
-0.55856085,0.23929825
-0.78645414,0.34882107
0.28800806,0.17982826
0.004841234,-0.41110438
-0.3191494,0.02321271
0.8520509,-0.011784729
0.19035813,-0.6259693
1.3857756,0.6568953
0.14927498,-0.40814322
-0.08668259,-0.1080544
-0.47987244,0.24367164
-0.3576503,0.23807667
-0.24440113,0.05793068
-0.2203844,0.09581593
0.31952968,-0.82256645
-0.12758762,0.017426498
0.21636817,-0.124143615
-0.5892338,-0.23131645
-0.28209507,-0.38517925
0.031658705,-0.28287998
0.017813314,-0.08950528
-0.26645693,0.03245736
-0.10755861,-0.3423258
0.13588472,-0.5632822
0.00859486,-0.31243056
0.63558435,-0.52970964
-0.7128687,-0.083390445
-1.0146061,-0.018987931
-0.025008088,-0.44607124
0.075159594,-0.00588516
-0.3550909,0.64660054
-0.10895137,0.26506072
0.041804813,-0.11607047
0.137191,-0.48859626
-0.8478692,0.02913478
0.42401463,-0.49995837
-0.65806705,-0.1914526
-0.012951959,-0.08095325
0.40880358,-0.73532087
0.016362987,-0.23697661
-0.32836065,0.00018766122
0.22250368,-0.53001654
-0.5249854,-0.09037116
0.5281498,-0.48957458
0.38161033,-0.66704017
0.9079398,0.5490574
-0.16925874,0.14848432
-0.04256073,-0.060322423
0.3876772,-0.7434834
-0.027451377,-0.0027134651
-0.21129933,0.86187345
-0.27267712,0.2657798
0.1695671,0.55663687
0.33973578,-0.5411947
-0.3927528,-0.0809293
-0.26505783,0.68254846
-0.22656299,-0.525649
-0.10329191,-0.33775154
0.75092906,0.62414205
0.69698054,0.73294866
-0.85737413,0.33419508
-0.6420139,0.85755324
-0.8287745,0.3179079
-0.46209735,0.24479355
-0.12132472,-0.32455376
0.15927532,-0.44146633
-0.49102426,0.34567866
0.004551984,-0.17715235
-0.04369304,-0.071897686
-0.6890601,0.115817025
0.78224397,-0.32535082
0.2717431,-0.18069763
0.96182394,0.99196416
-0.121968605,-0.7163009
-0.1303155,0.14578028
-0.5636178,0.28216565
-0.10461824,-0.44461986
-0.10491148,0.90050226
-0.08624069,-0.22705245
0.34170204,-0.41907522
-0.53112495,0.003978902
-0.12112972,0.32316113
-0.033949196,-0.2336193
0.5651227,0.047766864
-0.43714988,0.3402612
-0.7384586,0.66469127
0.7280322,0.45517278
-0.3798403,-0.45773673
-0.46398067,-0.10831904
-0.038594637,-0.44086426
0.095480196,0.026403226
-0.26699954,0.80688727
0.18176198,-0.560743
-0.93756366,0.11246424
-0.48100814,0.57482624
1.3515205,0.15780145
0.11681948,0.15668088
0.6371837,0.6364405
-0.4027023,-0.4342823
0.49184486,0.68560255
-0.87567997,0.3358394
-0.39959687,-0.17253171
0.26878121,-0.4900574
0.29439238,-0.8969461
0.0913386,0.044555396
-0.31251732,0.02016617
-0.18403481,-0.21001484
-0.37807962,0.057855647
-0.06592001,0.42093247
0.42630893,0.21116677
-0.96292096,0.0792578
-0.08549141,-0.08138002
0.35978958,-0.34680882
-0.041336782,-0.09816314
0.12523699,-0.30136877
0.5378171,0.8506352
-0.1866291,0.08275683
-0.11482507,-0.16676024
0.9638054,0.45352018
-0.2293273,0.087813854
-0.012921189,-0.561674
0.34829405,-0.29087934
-0.2707419,0.48946857
0.32078686,-0.40251076
0.46286446,-0.5817925
-0.6632949,0.23104794
0.60663146,-0.2968355
0.6831049,0.29923192
0.30057794,-0.05466214
-0.60095066,-0.10728737
-0.799061,0.19542025
0.6261553,-0.8733354
0.33610636,-0.97304684
-0.13237813,-0.24961631
0.21480224,0.2659664
-0.77362937,0.2238928
-0.3586292,0.29723042
0.49763057,-0.7893271
0.0012346548,-0.17342108
0.18531185,-0.5155885
0.004783081,-0.16051619
-0.24043185,0.14890783
-0.8559885,0.37320912
-0.07795211,0.20002683
-0.2270678,0.8476842
-0.5802548,0.054079253
0.16138989,0.75922847
-0.012130645,-0.021692405
-0.35318726,-0.12974866
0.030683216,-0.55502534
0.066506386,-0.13521633
0.095826946,0.20928796
0.0029755991,-0.22002926
-0.37784383,1.0405835
-0.04476023,-0.45075983
0.13683657,0.36690652
-0.23286812,-0.14927834
0.85646015,0.08172232
-0.64772034,-0.21011174
-0.3317567,0.049607333
-0.0944493,-0.36129373
0.31261206,-0.53442436
-0.08464101,-0.16770087
-0.7448003,-0.08590602
-0.16353461,0.23904136
-0.22958465,0.087210596
-0.03727234,0.40589774
0.1522609,-0.43115568
1.1604865,0.75876397
0.3389573,0.6043953
0.34548932,0.18326776
0.095740244,-0.13499707
-0.0005371559,0.102442175
-0.5618576,0.12160567
0.20612332,-0.4560071
-0.72007847,0.13881221
1.0524709,0.5389767
0.42989954,-0.22749066
0.010783391,-0.47354925
-0.17413531,-0.33620214
-0.36313492,-0.21005818
0.55730677,-0.54787344
-0.56977105,0.15338078
-0.09269013,-0.44321764
0.041667514,-0.4642489
-0.24215138,-0.34364307
-0.28879735,0.09005486
-0.21321379,-0.48434046
0.64944595,0.6243558
-0.30111787,-0.4794778
0.033210207,0.27837053
-0.30799925,0.08099314
-0.347686,0.3819606
0.28989965,-0.20241861
-0.315159,0.107120104
0.31711856,0.16936599
-0.18244717,0.04572099
0.49287882,0.27040085
-0.08190159,0.37111422
-0.2507023,0.12509498
0.743382,-0.028123427
-0.033333056,0.7502213
-0.2728016,0.09593544
-0.73187023,0.2245076
-0.27389103,-0.038329866
0.017190667,-0.30200014
-0.07333726,-0.5245375
0.016494239,1.1408602
-0.010657205,-0.692433
-0.7130843,-0.20908973
-0.67383313,-0.0467248
-0.28341976,-0.034136888
-0.034684554,-0.17258379
-0.7512634,0.6221115
0.15505442,0.7527994
0.8680666,-0.47444457
0.14900166,-0.44616184
-0.3681851,0.6624931
0.10725391,-0.7812893
0.3317847,-1.0097014
-0.1422734,-0.22228636
-0.19234042,-0.10292051
-0.3860726,0.024945093
0.70704854,1.0271081
-0.18202728,-0.3131424
-0.28488943,0.5324194
1.2479613,0.5972401
-0.165932,-0.07387969
0.092429675,-0.45557955
-0.04820547,-0.12764674
0.10282179,-0.61986136
0.12658322,-0.27956244
0.34820423,-0.29375568
-0.16837744,-0.13190591
-0.6278224,0.42232895
-0.52759564,0.020598907
0.4508106,-0.18591283
-0.38702032,0.16608551
-0.3412801,-0.00903649
-0.7212128,0.10137476
0.7273054,-0.14628118
0.5295838,0.6243414
0.13219507,-0.30133727
-0.039900083,-0.2578561
0.1422677,0.4067977
0.4744,-0.0010507298
-0.18853745,0.19224802
0.22209162,-0.4774589
0.29011798,-0.25240797
-0.114474416,-0.29046172
-0.34837827,0.017733464
-0.5125357,-0.10276075
0.83772963,-0.05922739
0.3029069,-0.40591496
-0.429155,0.0417118
0.36878178,-0.839733
-0.47096297,-0.06099276
-0.48159254,0.05648813
0.7403708,0.9788334
-0.7101363,-0.037650708
-0.79012793,0.13797797
-0.47687608,-0.103963695
0.16248815,-0.1447982
-0.44124678,0.49051043
0.7942431,-0.44719458
-0.5206458,0.35692418
-0.3226729,-0.015423719
0.6081261,0.6352527
0.10552672,-0.24049622
-0.44018,0.17277011
-0.18900548,-0.14500421
-0.46593952,-0.39827588
0.84171,0.33415902
-0.31865877,0.27011466
-0.048764754,0.6197208
-0.5916004,0.18337926
-0.39485416,-0.145676
-0.20406008,0.6317528
-0.007490599,-0.27531657
-0.34208927,0.37218365
0.41520923,-0.24121489
-0.20717964,-0.26522034
-0.33341298,-0.2712463
-0.153304,-0.4997622
-0.28118354,0.1617746
-0.33808154,0.057773206
0.310984,-0.66631806
-0.38405898,-0.12043226
-0.25570667,-0.36614254
0.14266932,-0.22293594
-0.66380584,0.094670534
0.33362862,0.92697686
0.2993374,-0.044296794
-0.17381844,-0.57713324
0.000849901,-0.40486476
-0.27953675,-0.36162338
0.07750302,-0.2674448
-0.5195234,0.5318529
-0.013396564,-0.41266114
0.33946,0.76071256
0.058252353,-0.14953083
0.12950976,0.09422949
-0.3170407,-0.36352655
0.23160703,-0.14281769
0.040594764,-0.52218515
0.68096495,-0.48096865
0.46673432,1.1375251
-0.022928849,0.007539545
0.17188926,-0.35228205
-0.23889725,-0.14133161
-0.24964839,-0.46557024
-0.7621552,0.05257051
-0.48957494,0.6325196
0.41352284,-0.30489382
0.5149606,-0.5446717
0.26013026,-0.012489294
-0.090705656,-0.5147332
-0.048880383,-0.22880383
-0.21460971,0.028642891
-0.89499724,0.2081514
0.36762163,0.32909596
-0.26409984,-0.05449128
0.9924704,-0.61277336
0.0968791,0.037127998
-0.20801038,-0.020177662
0.3675784,-0.7590844
-0.4988446,-0.22194296
-0.30893087,0.088199094
-0.43898258,0.51379436
-0.05420551,0.39773393
0.28929716,0.110233486
-0.5665623,-0.28835896
0.8034124,-0.39126065
-0.3989481,0.1321321
0.46303895,0.13732995
0.05987185,-0.22441879
-0.5061434,-0.13460809
0.4578262,-0.32557404
-0.1335056,-0.48685205
0.17007679,-1.929079e-05
-0.6430934,-0.13723178
-0.23457259,0.20749754
0.21824172,-0.15155993
1.2021452,0.6296819
-0.068192594,0.08674015
-0.7509531,0.1693875
0.6469084,-0.48561645
-0.37462446,-0.16760413
0.51894873,-0.7417579
1.0406826,0.6095044
0.8149906,-0.24947248
-0.33458254,0.42100537
-0.3756391,-0.4346611
0.7974022,1.0776522
0.33803794,0.5790391
-0.6326128,0.00066828803
0.13621894,0.8380102
0.13469048,-0.5228713
0.11302643,-0.4320011
-0.2181133,-0.5842065
-0.064592965,0.4410314
0.55299807,0.83456045
0.032083753,-0.51559395
0.10282986,-0.4194368
-1.0323716,0.24139914
0.11407016,-0.2858602
-0.26643005,0.2382272
-0.02685928,-0.38293108
-0.033675622,0.10508348
0.19316308,-0.14059943
0.28552935,-0.59395844
0.17137581,-0.05998864
0.3111331,-0.056063496
-0.1511648,-0.4275463
-0.122916415,-0.0074586105
-0.74126434,-0.2536598
-0.2462283,-0.39484814
0.9473231,0.8465427
-0.13474928,-0.46154556
-0.079294235,-0.07362366
0.14227611,-0.012642922
0.7873871,0.64422894
0.6192543,0.86438006
0.45233828,-0.8805179
-0.14396131,-0.09533644
0.11761083,-0.46547455
-0.01685954,-0.229903
-0.51974833,0.567352
0.92519325,0.029632878
0.24450992,0.15841639
0.11234847,-0.36959144
-0.24010493,0.33116576
1.190743,0.418316
0.2780139,-0.71808374
0.4592966,-0.25515994
-0.53532493,-0.015481707
0.0022111668,-0.5883135
0.011449831,-0.38604838
0.5270084,0.56298053
-0.16257845,-0.21719189
-0.0918722,-0.13606049
0.43471095,-0.46038526
-0.45519587,0.086355925
0.37684765,-0.5925007
1.0349157,1.135082
-0.681753,0.6413531
0.14200047,-0.02368189
0.15006624,-0.3700022
-0.56527555,0.46787322
-0.2732789,0.031087672
-0.19857776,-0.457684
-0.3179867,-0.2535108
-0.48175114,0.24037355
-0.4798171,0.01312657
-0.20839435,0.00941489
-0.16673772,0.08929702
0.21952894,-0.56044036
0.08026242,0.47622564
-0.12475341,-0.30435252
-0.05959087,-0.30706614
-0.13504289,-0.101175524
-0.082864635,0.0025256847
-0.44685036,-0.28527606
0.4103484,-0.13518207
0.40897655,-0.52138287
-0.29754516,-0.48072365
-0.46110928,0.53852034
0.5647373,-0.36415067
-0.2525473,0.0031980225
-0.48041508,0.06758491
0.1389923,-0.5700242
-0.46360925,-0.3417406
-0.30939087,-0.06916156
0.41743338,0.46361077
-0.87678164,0.28027725
-0.09350126,0.010725754
-0.60831344,0.31455877
0.6911702,0.5817034
-0.21449901,-0.37267375
-0.3414956,-0.3181249
0.3240814,0.66649425
0.13597478,-0.4256291
-0.23923829,-0.059020232
-0.32281703,0.113686554
0.36153114,-0.59569526
0.30808684,-0.38645902
-0.1345754,-0.6011395
-0.1977431,0.49759042
-0.43119887,0.64438385
-0.10621741,-0.29563236
-0.30841377,-0.30587462
0.21266448,-0.8489119
-0.4720122,0.017171169
0.71056044,0.85381263
-0.21670379,-0.087445855
0.8454774,0.8336254
0.31008503,-0.25053766
-0.1051492,0.24800873
-0.1061466,0.3613283
-0.3623169,0.14403754
0.2619909,-0.28928888
0.1936508,0.14426948
-0.39187244,-0.2309252
0.41936636,-0.49676344
-0.1131893,-0.45628586
-0.8204584,0.23752922
-0.3941938,-0.15665716
0.73726666,0.9542975
0.09517995,0.0023972294
0.6807246,0.37159422
0.143962,0.18166861
0.085593596,0.4262045
-0.19525087,0.3735015
0.6634595,-0.41380337
0.32538176,0.24548021
-0.33645377,-0.24279606
-0.54480076,-0.21213052
0.30103666,0.475419
-0.13694027,-0.43290693
-0.14637607,-0.32475626
-0.14113282,0.81505394
-0.5639097,-0.19599621
0.076080345,-0.66689247
0.37177795,-0.45874688
-0.36855564,0.057618443
-0.3747289,0.0023885425
0.118997425,-0.50287426
0.03592988,-0.3299241
-0.23633154,0.06579525
-0.09835827,-0.048663825
0.5024395,-0.62743765
-0.14241791,0.25830665
0.462815,-0.23429663
-0.12709734,0.03287151
-0.3062576,-0.059248295
0.65919065,-0.13620785
-0.44516048,-0.20488994
0.3819078,-0.2895308
0.4252479,-0.13614416
-0.8093399,0.5160418
-0.4074044,-0.29858232
0.36717802,-0.39089397
0.23813495,0.14849347
-0.048404872,0.38322616
0.3388871,-0.43533042
-0.0995415,0.08186212
0.7448888,0.3806106
0.060173325,0.48636648
-0.37136066,-0.24996088
-0.12771446,-0.4809119
0.20461689,-0.2058989
0.10154055,-0.4727605
-0.24077733,0.28948894
-0.58073974,-0.09922207
0.29222712,-0.8828853
0.48429465,0.6260284
-0.6790985,0.19912416
0.09817557,-0.16920076
-0.42588082,-0.06122757
0.27805448,-0.27105424
0.65460575,0.9959794
-0.44873938,0.08571139
-0.36941153,0.35574445
-0.29875624,-0.48002452
-0.22447176,-0.05736351
-0.09695011,-0.01629021
0.08682176,-0.5988469
0.2276319,-0.014169879
0.06742719,0.04146811
-0.0780577,0.47996673
0.08266496,0.54517424
-0.08853432,-0.2183145
0.09433972,0.06743061
0.7024977,0.4453151
1.2992862,0.24728304
-0.18311565,0.81378
-0.11248978,-0.57408065
0.61718255,-0.50586015
0.63246375,-0.08303816
-0.12169072,0.009448415
0.5543545,-0.34329027
-0.7355436,-0.14107582
-0.8127907,0.4442268
-0.42485106,-0.11188757
-0.7352807,0.15545478
0.6227552,0.23967786
-0.3368015,0.046561833
-0.38653168,-0.12653396
0.108629756,-0.12963556
-0.22554082,0.10642967
0.59381366,-0.4917012
-0.002577916,-0.29732633
0.6527576,-0.33554113
0.33198944,-0.6706565
0.07715301,-0.3318229
-1.1067352,0.48985586
0.44346815,-0.6003697
-0.30022842,0.3216003
